symbol,last_updated,country,region,name,exchange,currency,data_source,industry,sector,market_cap,revenue,profit_margin,operating_margin,return_on_equity,return_on_assets,forward_pe,trailing_pe,price_to_sales,price_to_book,enterprise_value,employees,website,revenue_annual,operating_income,net_income,ebitda,gross_profit,fiscal_year_end,total_assets,total_debt,total_equity,cash,current_assets,current_liabilities,current_ratio
MLBAT,2025-03-21T10:53:32.408856,France,Europe,Batla Minerals,Unknown,EUR,investpy,,,,,,,,,,,,,,,,,,,,,,,,,,,,
MWDP,2025-03-21T10:53:32.440590,France,Europe,Wendel,Unknown,EUR,investpy,,,,,,,,,,,,,,,,,,,,,,,,,,,,
FLOWS,2025-03-21T10:53:32.487317,Sweden,Europe,Crowdsoft,Unknown,SEK,investpy,,,,,,,,,,,,,,,,,,,,,,,,,,,,
PNIG,2025-03-21T10:53:32.455675,United Kingdom,Europe,Pennant,Unknown,GBP,investpy,,,,,,,,,,,,,,,,,,,,,,,,,,,,
ARLG,2025-03-21T10:53:32.502339,Austria,Europe,Aareal Bank AG,Unknown,EUR,investpy,,,,,,,,,,,,,,,,,,,,,,,,,,,,
ZIGN,2025-03-21T10:53:32.487317,Sweden,Europe,Zignsec,Unknown,SEK,investpy,,,,,,,,,,,,,,,,,,,,,,,,,,,,
SIGN,2025-03-21T10:53:32.440590,Austria,Europe,Signature,Unknown,EUR,investpy,,,,,,,,,,,,,,,,,,,,,,,,,,,,
ALNSE,2025-03-21T10:53:32.393528,France,Europe,NSE SA,Unknown,EUR,investpy,,,,,,,,,,,,,,,,,,,,,,,,,,,,
CCH,2025-03-21T10:53:33.875383,United Kingdom,Europe,Coca Cola HBC AG,Unknown,GBP,investpy,,,,,,,,,,,,,,,,,,,,,,,,,,,,
PGNG,2025-03-21T10:53:33.921481,Germany,Europe,Paragon AG,Unknown,EUR,investpy,,,,,,,,,,,,,,,,,,,,,,,,,,,,
TSTT,2025-03-21T10:53:33.937511,United Kingdom,Europe,Touchstar,Unknown,GBP,investpy,,,,,,,,,,,,,,,,,,,,,,,,,,,,
INCOAX,2025-03-21T10:53:33.906273,Sweden,Europe,InCoax Networks,Unknown,SEK,investpy,,,,,,,,,,,,,,,,,,,,,,,,,,,,
ASTr,2025-03-21T10:53:33.906273,Greece,Europe,Alpha Astika Akinita SA,Unknown,EUR,investpy,,,,,,,,,,,,,,,,,,,,,,,,,,,,
MGNK,2025-03-21T10:53:33.953524,Germany,Europe,Mologen,Unknown,EUR,investpy,,,,,,,,,,,,,,,,,,,,,,,,,,,,
PAALb,2025-03-21T10:53:33.953524,Denmark,Europe,Per Aarsleff B,Unknown,DKK,investpy,,,,,,,,,,,,,,,,,,,,,,,,,,,,
IFXGnEUR,2025-03-21T10:53:34.424155,Switzerland,Europe,Infineon,Unknown,EUR,investpy,,,,,,,,,,,,,,,,,,,,,,,,,,,,
BLEE,2025-03-21T10:53:34.360678,France,Europe,Bleecker,Unknown,EUR,investpy,,,,,,,,,,,,,,,,,,,,,,,,,,,,
MLXS,2025-03-21T10:53:34.344666,Belgium,Europe,Melexis NV,Unknown,EUR,investpy,,,,,,,,,,,,,,,,,,,,,,,,,,,,
GTTG,2025-03-21T10:53:34.408146,Germany,Europe,Tegna,Unknown,EUR,investpy,,,,,,,,,,,,,,,,,,,,,,,,,,,,
DIGP,2025-03-21T10:53:34.140658,France,Europe,Digigram,Unknown,EUR,investpy,,,,,,,,,,,,,,,,,,,,,,,,,,,,
NS,2025-03-21T10:53:34.314156,Germany,Europe,Nustar,Unknown,EUR,investpy,,,,,,,,,,,,,,,,,,,,,,,,,,,,
EURA,2025-03-21T10:53:34.865166,France,Europe,Eurazeo,Unknown,EUR,investpy,,,,,,,,,,,,,,,,,,,,,,,,,,,,
RMPq,2025-03-21T10:53:34.927358,United Kingdom,Europe,Red Emperor Resources,Unknown,GBP,investpy,,,,,,,,,,,,,,,,,,,,,,,,,,,,
LOTB,2025-03-21T10:53:35.398215,Belgium,Europe,Lotus Bakeries,Unknown,EUR,investpy,,,,,,,,,,,,,,,,,,,,,,,,,,,,
THXLE,2025-03-21T10:53:35.430215,Netherlands,Europe,Theta Legends,Unknown,EUR,investpy,,,,,,,,,,,,,,,,,,,,,,,,,,,,
MLIFE,2025-03-21T10:53:35.459867,France,Europe,Global Health Group,Unknown,EUR,investpy,,,,,,,,,,,,,,,,,,,,,,,,,,,,
SANT1,2025-03-21T10:53:35.430215,Germany,Europe,S&T AG,Unknown,EUR,investpy,,,,,,,,,,,,,,,,,,,,,,,,,,,,
OPpref,2025-03-21T10:53:35.398215,Sweden,Europe,Oscar Properties Pref,Unknown,SEK,investpy,,,,,,,,,,,,,,,,,,,,,,,,,,,,
HRMr,2025-03-21T10:53:35.382725,Greece,Europe,Gek Terna,Unknown,EUR,investpy,,,,,,,,,,,,,,,,,,,,,,,,,,,,
POLO,2025-03-21T10:53:35.855380,United Kingdom,Europe,Polo Resources,Unknown,GBP,investpy,,,,,,,,,,,,,,,,,,,,,,,,,,,,
WAFGn,2025-03-21T10:53:35.839378,Germany,Europe,Siltronic AG,Unknown,EUR,investpy,,,,,,,,,,,,,,,,,,,,,,,,,,,,
SCAb,2025-03-21T10:53:36.308178,Sweden,Europe,SCA B,Unknown,SEK,investpy,,,,,,,,,,,,,,,,,,,,,,,,,,,,
WEHA,2025-03-21T10:53:36.245270,Netherlands,Europe,Wereldhave,Unknown,EUR,investpy,,,,,,,,,,,,,,,,,,,,,,,,,,,,
INFRAC,2025-03-21T10:53:36.276301,Sweden,Europe,Infracom,Unknown,SEK,investpy,,,,,,,,,,,,,,,,,,,,,,,,,,,,
SHA_p,2025-03-21T10:53:36.229552,Germany,Europe,Schaeffler AG,Unknown,EUR,investpy,,,,,,,,,,,,,,,,,,,,,,,,,,,,
MUVGnEUR,2025-03-21T10:53:36.214398,Switzerland,Europe,Muench. Rueckvers.,Unknown,EUR,investpy,,,,,,,,,,,,,,,,,,,,,,,,,,,,
AVMNOK,2025-03-21T10:53:36.198364,Sweden,Europe,Avocet Mining,Unknown,NOK,investpy,,,,,,,,,,,,,,,,,,,,,,,,,,,,
CBOS,2025-03-21T10:53:36.760348,Belgium,Europe,Cie Bois Sauvage,Unknown,EUR,investpy,,,,,,,,,,,,,,,,,,,,,,,,,,,,
BEVA,2025-03-21T10:53:36.760348,Netherlands,Europe,Bever Holding NV,Unknown,EUR,investpy,,,,,,,,,,,,,,,,,,,,,,,,,,,,
TGEL,2025-03-21T10:53:37.196118,France,Europe,Toupargel,Unknown,EUR,investpy,,,,,,,,,,,,,,,,,,,,,,,,,,,,
TLIT,2025-03-21T10:53:37.102661,Italy,Europe,Telecom Italia,Unknown,EUR,investpy,,,,,,,,,,,,,,,,,,,,,,,,,,,,
YOSO,2025-03-21T10:53:37.149583,Spain,Europe,Obsido Socimi SA,Unknown,EUR,investpy,,,,,,,,,,,,,,,,,,,,,,,,,,,,
NESNEE,2025-03-21T10:53:37.149583,Switzerland,Europe,Nestle,Unknown,CHF,investpy,,,,,,,,,,,,,,,,,,,,,,,,,,,,
ALAVY,2025-03-21T10:53:37.180610,France,Europe,Audiovalley,Unknown,EUR,investpy,,,,,,,,,,,,,,,,,,,,,,,,,,,,
HUMAN,2025-03-21T10:53:37.180610,Sweden,Europe,Humana,Unknown,SEK,investpy,,,,,,,,,,,,,,,,,,,,,,,,,,,,
LMPL,2025-03-21T10:53:37.506312,United Kingdom,Europe,Londonmetric Property,Unknown,GBP,investpy,,,,,,,,,,,,,,,,,,,,,,,,,,,,
AACM,2025-03-21T10:53:37.600526,Sweden,Europe,AAC Microtec,Unknown,EUR,investpy,,,,,,,,,,,,,,,,,,,,,,,,,,,,
CONSTI,2025-03-21T10:53:37.944557,Finland,Europe,Consti Yhtiot Oy,Unknown,EUR,investpy,,,,,,,,,,,,,,,,,,,,,,,,,,,,
SOIT,2025-03-21T10:53:38.006809,France,Europe,Soitec,Unknown,EUR,investpy,,,,,,,,,,,,,,,,,,,,,,,,,,,,
SGFI,2025-03-21T10:53:37.976086,Italy,Europe,Sogefi,Unknown,EUR,investpy,,,,,,,,,,,,,,,,,,,,,,,,,,,,
ALMLB,2025-03-21T10:53:37.976086,France,Europe,Miliboo SA,Unknown,EUR,investpy,,,,,,,,,,,,,,,,,,,,,,,,,,,,
NETb,2025-03-21T10:53:37.960574,Sweden,Europe,NetEnt,Unknown,SEK,investpy,,,,,,,,,,,,,,,,,,,,,,,,,,,,
ICIr,2025-03-21T10:53:37.960574,Greece,Europe,Intercontinental Intl RE,Unknown,EUR,investpy,,,,,,,,,,,,,,,,,,,,,,,,,,,,
UN01,2025-03-21T10:53:38.590521,Germany,Europe,Uniper SE,Unknown,EUR,investpy,,,,,,,,,,,,,,,,,,,,,,,,,,,,
IMINT,2025-03-21T10:53:38.653452,Sweden,Europe,Imint Image Intelligence AB,Unknown,SEK,investpy,,,,,,,,,,,,,,,,,,,,,,,,,,,,
HOCN,2025-03-21T10:53:39.059839,Switzerland,Europe,Hochdorf Holding AG,Unknown,CHF,investpy,,,,,,,,,,,,,,,,,,,,,,,,,,,,
BOAr,2025-03-21T10:53:39.091387,Greece,Europe,Attica Bank,Unknown,EUR,investpy,,,,,,,,,,,,,,,,,,,,,,,,,,,,
SINCH,2025-03-21T10:53:39.121348,Sweden,Europe,CLX Coms,Unknown,SEK,investpy,,,,,,,,,,,,,,,,,,,,,,,,,,,,
ALHSW,2025-03-21T10:53:39.075900,France,Europe,Horizontal Software,Unknown,EUR,investpy,,,,,,,,,,,,,,,,,,,,,,,,,,,,
BION,2025-03-21T10:53:39.013495,Switzerland,Europe,BB Biotech,Unknown,CHF,investpy,,,,,,,,,,,,,,,,,,,,,,,,,,,,
AGOL,2025-03-21T10:53:39.106165,United Kingdom,Europe,Ashmore Global Opp,Unknown,GBP,investpy,,,,,,,,,,,,,,,,,,,,,,,,,,,,
JWNG,2025-03-21T10:53:39.600698,United Kingdom,Europe,Jaywing,Unknown,GBP,investpy,,,,,,,,,,,,,,,,,,,,,,,,,,,,
TTSLA,2025-03-21T10:53:39.600698,Italy,Europe,Tesla,Unknown,EUR,investpy,,,,,,,,,,,,,,,,,,,,,,,,,,,,
CGCBV,2025-03-21T10:53:40.045466,Finland,Europe,Cargotec Oyj,Unknown,EUR,investpy,,,,,,,,,,,,,,,,,,,,,,,,,,,,
STRINVS,2025-03-21T10:53:40.045466,Denmark,Europe,Aktieselskabet af 23.04,Unknown,DKK,investpy,,,,,,,,,,,,,,,,,,,,,,,,,,,,
2CRSI,2025-03-21T10:53:40.045466,France,Europe,2Crsi,Unknown,EUR,investpy,,,,,,,,,,,,,,,,,,,,,,,,,,,,
EDNn,2025-03-21T10:53:39.934012,Italy,Europe,Edison RSP,Unknown,EUR,investpy,,,,,,,,,,,,,,,,,,,,,,,,,,,,
AGFB,2025-03-21T10:53:39.981769,Belgium,Europe,Agfa Gevaert,Unknown,EUR,investpy,,,,,,,,,,,,,,,,,,,,,,,,,,,,
SVEG,2025-03-21T10:53:40.045466,Norway,Europe,Sparebanken Vest,Unknown,NOK,investpy,,,,,,,,,,,,,,,,,,,,,,,,,,,,
PRTP,2025-03-21T10:53:40.386834,France,Europe,Kering,Unknown,EUR,investpy,,,,,,,,,,,,,,,,,,,,,,,,,,,,
SIAF-ME,2025-03-21T10:53:40.402919,Norway,Europe,Sino Agro Food,Unknown,NOK,investpy,,,,,,,,,,,,,,,,,,,,,,,,,,,,
NRSNOK,2025-03-21T10:53:40.814249,Sweden,Europe,Norway Royal Salmon,Unknown,NOK,investpy,,,,,,,,,,,,,,,,,,,,,,,,,,,,
NRDF,2025-03-21T10:53:40.892827,Denmark,Europe,Nordfyns Bank,Unknown,DKK,investpy,,,,,,,,,,,,,,,,,,,,,,,,,,,,
BOUVET,2025-03-21T10:53:40.931828,Norway,Europe,Bouvet,Unknown,NOK,investpy,,,,,,,,,,,,,,,,,,,,,,,,,,,,
APME,2025-03-21T10:53:40.892827,Germany,Europe,AD Pepper Media,Unknown,EUR,investpy,,,,,,,,,,,,,,,,,,,,,,,,,,,,
VCC2,2025-03-21T10:53:40.845314,Germany,Europe,Vical,Unknown,EUR,investpy,,,,,,,,,,,,,,,,,,,,,,,,,,,,
AKOyb,2025-03-21T10:53:40.829249,Germany,Europe,Andina B,Unknown,EUR,investpy,,,,,,,,,,,,,,,,,,,,,,,,,,,,
EMASL,2025-03-21T10:53:41.335268,Norway,Europe,Emas Offshore Construction Pte,Unknown,NOK,investpy,,,,,,,,,,,,,,,,,,,,,,,,,,,,
SICT,2025-03-21T10:53:41.304249,Italy,Europe,Sicit Group,Unknown,EUR,investpy,,,,,,,,,,,,,,,,,,,,,,,,,,,,
QUARTpref,2025-03-21T10:53:41.787687,Sweden,Europe,Quartiers Properties,Unknown,SEK,investpy,,,,,,,,,,,,,,,,,,,,,,,,,,,,
CLSRb,2025-03-21T10:53:41.771851,Sweden,Europe,Clinical Laserthermia,Unknown,SEK,investpy,,,,,,,,,,,,,,,,,,,,,,,,,,,,
ABBO,2025-03-21T10:53:41.836043,Spain,Europe,Ab-Biotics S.A.,Unknown,EUR,investpy,,,,,,,,,,,,,,,,,,,,,,,,,,,,
LTEN,2025-03-21T10:53:41.850379,France,Europe,Alten,Unknown,EUR,investpy,,,,,,,,,,,,,,,,,,,,,,,,,,,,
EXCL,2025-03-21T10:44:03.911473,Belgium,Europe,EXCELLERANT INC,OEM,USD,"investpy, Yahoo Finance",Shell Companies,Financial Services,1130.0,,0.0,0.0,,,,,,-0.049999997,,,https://excellerant.vc,0.0,-43632.0,-13800.0,-43632.0,,2021-09-30,0.0,13935.0,,,0.0,19887.0,
GJFS,2025-03-21T10:53:41.850379,Norway,Europe,Gjensidige Forsikring,Unknown,NOK,investpy,,,,,,,,,,,,,,,,,,,,,,,,,,,,
PSMGn,2025-03-21T10:53:41.850379,Switzerland,Europe,Prosiebensat,Unknown,CHF,investpy,,,,,,,,,,,,,,,,,,,,,,,,,,,,
BE4A,2025-03-21T10:53:42.210619,Germany,Europe,Beazer Homes USA,Unknown,EUR,investpy,,,,,,,,,,,,,,,,,,,,,,,,,,,,
FMEGEUR,2025-03-21T10:53:42.242779,Switzerland,Europe,Fresenius ST,Unknown,EUR,investpy,,,,,,,,,,,,,,,,,,,,,,,,,,,,
COFA,2025-03-21T10:53:42.619077,France,Europe,Coface,Unknown,EUR,investpy,,,,,,,,,,,,,,,,,,,,,,,,,,,,
MANG_p,2025-03-21T10:53:42.556412,Germany,Europe,Man SE VZO,Unknown,EUR,investpy,,,,,,,,,,,,,,,,,,,,,,,,,,,,
BRKN,2025-03-21T10:53:42.649852,Switzerland,Europe,Burkhalter Holding AG,Unknown,CHF,investpy,,,,,,,,,,,,,,,,,,,,,,,,,,,,
DANI,2025-03-21T10:53:42.571653,Italy,Europe,Danieli & C,Unknown,EUR,investpy,,,,,,,,,,,,,,,,,,,,,,,,,,,,
ALDIE,2025-03-21T10:53:42.634608,France,Europe,Dietswell,Unknown,EUR,investpy,,,,,,,,,,,,,,,,,,,,,,,,,,,,
BPET,2025-03-21T10:53:42.571653,United Kingdom,Europe,BMO Private Equity,Unknown,GBP,investpy,,,,,,,,,,,,,,,,,,,,,,,,,,,,
LACP,2025-03-21T10:53:43.118964,France,Europe,Lacroix,Unknown,EUR,investpy,,,,,,,,,,,,,,,,,,,,,,,,,,,,
NAPAT,2025-03-21T10:53:43.103775,Norway,Europe,Napatech,Unknown,NOK,investpy,,,,,,,,,,,,,,,,,,,,,,,,,,,,
MORr,2025-03-21T10:53:43.461432,Greece,Europe,Motor Oil,Unknown,EUR,investpy,,,,,,,,,,,,,,,,,,,,,,,,,,,,
HAKG,2025-03-21T10:53:43.647246,Germany,Europe,Einbecker Brauhaus,Unknown,EUR,investpy,,,,,,,,,,,,,,,,,,,,,,,,,,,,
ALMEC,2025-03-21T10:53:43.554378,France,Europe,Mecelec,Unknown,EUR,investpy,,,,,,,,,,,,,,,,,,,,,,,,,,,,
GABI,2025-03-21T10:53:43.461432,Italy,Europe,Gabetti Property,Unknown,EUR,investpy,,,,,,,,,,,,,,,,,,,,,,,,,,,,
PV,2025-03-21T10:53:43.492666,Germany,Europe,Pfeiffer,Unknown,EUR,investpy,,,,,,,,,,,,,,,,,,,,,,,,,,,,
HLAN,2025-03-21T10:53:43.507685,Netherlands,Europe,Hal Trust,Unknown,EUR,investpy,,,,,,,,,,,,,,,,,,,,,,,,,,,,
SKJE,2025-03-21T10:53:44.166077,Denmark,Europe,Skjern Bank,Unknown,DKK,investpy,,,,,,,,,,,,,,,,,,,,,,,,,,,,
WUGG,2025-03-21T10:53:44.177354,Germany,Europe,Westag&Getalit ST,Unknown,EUR,investpy,,,,,,,,,,,,,,,,,,,,,,,,,,,,
CR8,2025-03-21T10:53:44.662100,Germany,Europe,Carbo Ceramics,Unknown,EUR,investpy,,,,,,,,,,,,,,,,,,,,,,,,,,,,
XXLNOK,2025-03-21T10:53:44.491630,Sweden,Europe,XXL ASA,Unknown,NOK,investpy,,,,,,,,,,,,,,,,,,,,,,,,,,,,
ITTr,2025-03-21T10:53:44.568512,Greece,Europe,Intertech,Unknown,EUR,investpy,,,,,,,,,,,,,,,,,,,,,,,,,,,,
SALIn,2025-03-21T10:53:44.598695,Italy,Europe,Impregilo RSP,Unknown,EUR,investpy,,,,,,,,,,,,,,,,,,,,,,,,,,,,
IMMNOV,2025-03-21T10:53:44.630089,Sweden,Europe,Immunovia publ AB,Unknown,SEK,investpy,,,,,,,,,,,,,,,,,,,,,,,,,,,,
EVTG,2025-03-21T10:53:44.598695,Germany,Europe,Evotec AG,Unknown,EUR,investpy,,,,,,,,,,,,,,,,,,,,,,,,,,,,
BONNOK,2025-03-21T10:53:45.023474,Sweden,Europe,Bonheur,Unknown,NOK,investpy,,,,,,,,,,,,,,,,,,,,,,,,,,,,
SPOG,2025-03-21T10:53:45.023474,Norway,Europe,Sparebanken Ost,Unknown,NOK,investpy,,,,,,,,,,,,,,,,,,,,,,,,,,,,
MMKV,2025-03-21T10:53:45.539654,Austria,Europe,Mayr-Melnhof Karton AG,Unknown,EUR,investpy,,,,,,,,,,,,,,,,,,,,,,,,,,,,
BLVN,2025-03-21T10:53:45.539654,United Kingdom,Europe,Bowleven,Unknown,GBP,investpy,,,,,,,,,,,,,,,,,,,,,,,,,,,,
ZUCIn,2025-03-21T10:53:45.539654,Italy,Europe,Zucchi RSP,Unknown,EUR,investpy,,,,,,,,,,,,,,,,,,,,,,,,,,,,
NENTb,2025-03-21T10:53:45.555657,Sweden,Europe,Nordic Entertainment B,Unknown,SEK,investpy,,,,,,,,,,,,,,,,,,,,,,,,,,,,
BYTr,2025-03-21T10:53:45.461242,Greece,Europe,Byte Computer SA,Unknown,EUR,investpy,,,,,,,,,,,,,,,,,,,,,,,,,,,,
ARDN,2025-03-21T10:53:45.539654,United Kingdom,Europe,Arden,Unknown,GBP,investpy,,,,,,,,,,,,,,,,,,,,,,,,,,,,
CRH,2025-03-21T10:44:12.882603,Ireland,Europe,CRH PLC,NYQ,USD,"investpy, Yahoo Finance",Building Materials,Basic Materials,66120249344.0,35571998720.0,0.098170005,0.13878,0.15835,0.06282,16.077429,19.440239,1.8587724,3.0591516,79105196032.0,79800.0,https://www.crh.com,35572000000.0,4849000000.0,3492000000.0,7124000000.0,12701000000.0,2024-12-31,50613000000.0,15307000000.0,,3720000000.0,14083000000.0,10296000000.0,1.367812742812743
SWTQ,2025-03-21T10:53:45.899913,Switzerland,Europe,Schweiter Tech,Unknown,CHF,investpy,,,,,,,,,,,,,,,,,,,,,,,,,,,,
HICL,2025-03-21T10:53:45.915933,United Kingdom,Europe,HICL Infrastructure,Unknown,GBP,investpy,,,,,,,,,,,,,,,,,,,,,,,,,,,,
C08,2025-03-21T10:53:46.356283,Germany,Europe,Caesars,Unknown,EUR,investpy,,,,,,,,,,,,,,,,,,,,,,,,,,,,
A60,2025-03-21T10:53:46.391798,Germany,Europe,Allergan,Unknown,EUR,investpy,,,,,,,,,,,,,,,,,,,,,,,,,,,,
HINV,2025-03-21T10:53:46.309066,Belgium,Europe,Home Invest,Unknown,EUR,investpy,,,,,,,,,,,,,,,,,,,,,,,,,,,,
IMMO,2025-03-21T10:53:46.309066,Belgium,Europe,Immobel,Unknown,EUR,investpy,,,,,,,,,,,,,,,,,,,,,,,,,,,,
WTAN,2025-03-21T10:53:46.309066,United Kingdom,Europe,Witan,Unknown,GBP,investpy,,,,,,,,,,,,,,,,,,,,,,,,,,,,
TCN,2025-03-21T10:53:46.391798,United Kingdom,Europe,Tricorn,Unknown,GBP,investpy,,,,,,,,,,,,,,,,,,,,,,,,,,,,
LUKN,2025-03-21T10:53:46.824615,Switzerland,Europe,Luzerner Kantonalbank AG,Unknown,CHF,investpy,,,,,,,,,,,,,,,,,,,,,,,,,,,,
FREG,2025-03-21T10:53:46.715672,Switzerland,Europe,Fresenius SE,Unknown,CHF,investpy,,,,,,,,,,,,,,,,,,,,,,,,,,,,
NEX,2025-03-21T10:53:47.196846,United Kingdom,Europe,National Express,Unknown,GBP,investpy,,,,,,,,,,,,,,,,,,,,,,,,,,,,
C52,2025-03-21T10:53:47.322189,Germany,Europe,Colfax,Unknown,EUR,investpy,,,,,,,,,,,,,,,,,,,,,,,,,,,,
IBST,2025-03-21T10:53:47.269159,United Kingdom,Europe,Ibstock PLC,Unknown,GBP,investpy,,,,,,,,,,,,,,,,,,,,,,,,,,,,
INEA,2025-03-21T10:53:47.181828,France,Europe,Fonciere Inea,Unknown,EUR,investpy,,,,,,,,,,,,,,,,,,,,,,,,,,,,
DPAP,2025-03-21T10:53:47.259159,France,Europe,Docks des Petroles dAmbes,Unknown,EUR,investpy,,,,,,,,,,,,,,,,,,,,,,,,,,,,
TOBII,2025-03-21T10:53:47.196846,Sweden,Europe,Tobii AB,Unknown,SEK,investpy,,,,,,,,,,,,,,,,,,,,,,,,,,,,
OKEA,2025-03-21T10:53:47.666925,Norway,Europe,Okea,Unknown,NOK,investpy,,,,,,,,,,,,,,,,,,,,,,,,,,,,
GILDUSD,2025-03-21T10:53:47.697971,Switzerland,Europe,Gilead,Unknown,USD,investpy,,,,,,,,,,,,,,,,,,,,,,,,,,,,
AUTON,2025-03-21T10:53:48.169047,Switzerland,Europe,Autoneum Holding AG,Unknown,CHF,investpy,,,,,,,,,,,,,,,,,,,,,,,,,,,,
TATE,2025-03-21T10:53:48.184580,United Kingdom,Europe,Tate&Lyle,Unknown,GBP,investpy,,,,,,,,,,,,,,,,,,,,,,,,,,,,
EMOTR,2025-03-21T10:53:48.247934,Sweden,Europe,Emotra AB,Unknown,SEK,investpy,,,,,,,,,,,,,,,,,,,,,,,,,,,,
BICy,2025-03-21T10:53:48.137056,Germany,Europe,BanColombia,Unknown,EUR,investpy,,,,,,,,,,,,,,,,,,,,,,,,,,,,
PIRC,2025-03-21T10:53:48.235922,Italy,Europe,Pirelli & C,Unknown,EUR,investpy,,,,,,,,,,,,,,,,,,,,,,,,,,,,
NNIT,2025-03-21T10:53:48.247934,Denmark,Europe,Nnit AS,Unknown,DKK,investpy,,,,,,,,,,,,,,,,,,,,,,,,,,,,
YNUM,2025-03-21T10:53:48.641067,Spain,Europe,Numulae Gestion de Servicios,Unknown,EUR,investpy,,,,,,,,,,,,,,,,,,,,,,,,,,,,
TIGT,2025-03-21T10:53:48.562272,United Kingdom,Europe,Troy,Unknown,GBP,investpy,,,,,,,,,,,,,,,,,,,,,,,,,,,,
DEFLb,2025-03-21T10:53:49.016030,Sweden,Europe,Deflamo AB,Unknown,SEK,investpy,,,,,,,,,,,,,,,,,,,,,,,,,,,,
KURN,2025-03-21T10:53:49.016030,Switzerland,Europe,Kuros Biosciences,Unknown,CHF,investpy,,,,,,,,,,,,,,,,,,,,,,,,,,,,
ALPLA,2025-03-21T10:53:49.046958,France,Europe,Planet.FR SA,Unknown,EUR,investpy,,,,,,,,,,,,,,,,,,,,,,,,,,,,
MFTC,2025-03-21T10:53:49.046958,Italy,Europe,Matica Fintec,Unknown,EUR,investpy,,,,,,,,,,,,,,,,,,,,,,,,,,,,
ELGr,2025-03-21T10:53:49.141865,Greece,Europe,Elgeka,Unknown,EUR,investpy,,,,,,,,,,,,,,,,,,,,,,,,,,,,
S92G,2025-03-21T10:53:49.000028,Austria,Europe,SMA Solar AG,Unknown,EUR,investpy,,,,,,,,,,,,,,,,,,,,,,,,,,,,
VIPRO,2025-03-21T10:53:49.657213,Denmark,Europe,Victoria Properties,Unknown,DKK,investpy,,,,,,,,,,,,,,,,,,,,,,,,,,,,
DOFNOK,2025-03-21T10:53:49.672248,Sweden,Europe,Dof,Unknown,NOK,investpy,,,,,,,,,,,,,,,,,,,,,,,,,,,,
ASSI,2025-03-21T10:53:50.062939,Italy,Europe,Assiteca SpA Internazionale,Unknown,EUR,investpy,,,,,,,,,,,,,,,,,,,,,,,,,,,,
ALADO,2025-03-21T10:53:50.094041,France,Europe,Adomos,Unknown,EUR,investpy,,,,,,,,,,,,,,,,,,,,,,,,,,,,
A3B,2025-03-21T10:53:50.094041,Germany,Europe,Acco Brands,Unknown,EUR,investpy,,,,,,,,,,,,,,,,,,,,,,,,,,,,
RTCG,2025-03-21T10:53:50.110063,Germany,Europe,Realtech AG,Unknown,EUR,investpy,,,,,,,,,,,,,,,,,,,,,,,,,,,,
PATGn,2025-03-21T10:53:50.030915,Germany,Europe,Patrizia Immobilien,Unknown,EUR,investpy,,,,,,,,,,,,,,,,,,,,,,,,,,,,
BWONOK,2025-03-21T10:53:50.094041,Sweden,Europe,BW Offshore,Unknown,NOK,investpy,,,,,,,,,,,,,,,,,,,,,,,,,,,,
EUAV,2025-03-21T10:53:50.580138,Belgium,Europe,Euronav,Unknown,EUR,investpy,,,,,,,,,,,,,,,,,,,,,,,,,,,,
IFXGn,2025-03-21T10:53:50.564057,Germany,Europe,Infineon,Unknown,EUR,investpy,,,,,,,,,,,,,,,,,,,,,,,,,,,,
0RIH,2025-03-21T10:53:50.973384,United Kingdom,Europe,Alphabet A,Unknown,USD,investpy,,,,,,,,,,,,,,,,,,,,,,,,,,,,
MLALV,2025-03-21T10:53:50.973315,France,Europe,Alveen,Unknown,EUR,investpy,,,,,,,,,,,,,,,,,,,,,,,,,,,,
UBSG,2025-03-21T10:53:51.036052,Switzerland,Europe,UBS Group,Unknown,CHF,investpy,,,,,,,,,,,,,,,,,,,,,,,,,,,,
GAMH,2025-03-21T10:53:51.098019,Switzerland,Europe,GAM Holding,Unknown,CHF,investpy,,,,,,,,,,,,,,,,,,,,,,,,,,,,
SKMO,2025-03-21T10:53:51.109555,Sweden,Europe,Skane mollan AB,Unknown,SEK,investpy,,,,,,,,,,,,,,,,,,,,,,,,,,,,
OXIG,2025-03-21T10:53:51.051383,United Kingdom,Europe,Oxford Instruments,Unknown,GBP,investpy,,,,,,,,,,,,,,,,,,,,,,,,,,,,
MIHO,2025-03-21T10:53:51.441753,Sweden,Europe,Miris Holding,Unknown,SEK,investpy,,,,,,,,,,,,,,,,,,,,,,,,,,,,
SHBb,2025-03-21T10:53:51.456932,Sweden,Europe,Svenska Handelsbanken B,Unknown,SEK,investpy,,,,,,,,,,,,,,,,,,,,,,,,,,,,
AYIMAb,2025-03-21T10:53:51.908031,Sweden,Europe,Ayima,Unknown,SEK,investpy,,,,,,,,,,,,,,,,,,,,,,,,,,,,
TUIGn,2025-03-21T10:53:51.970941,Germany,Europe,Tui,Unknown,EUR,investpy,,,,,,,,,,,,,,,,,,,,,,,,,,,,
NOBINA,2025-03-21T10:53:52.001650,Sweden,Europe,Nobina publ AB,Unknown,SEK,investpy,,,,,,,,,,,,,,,,,,,,,,,,,,,,
TITC,2025-03-21T10:53:51.986448,Belgium,Europe,Titan Cement,Unknown,EUR,investpy,,,,,,,,,,,,,,,,,,,,,,,,,,,,
HEAD,2025-03-21T10:53:52.001650,United Kingdom,Europe,Headlam,Unknown,GBP,investpy,,,,,,,,,,,,,,,,,,,,,,,,,,,,
AZN,2025-03-21T10:44:28.996004,United Kingdom,Europe,Astrazeneca PLC,NMS,USD,"investpy, Yahoo Finance",Drug Manufacturers - General,Healthcare,237457620992.0,54072999936.0,0.1301,0.22718,0.17593999,0.078779995,13.938069,34.00889,4.3914266,2.909063,143667806208.0,94300.0,https://www.astrazeneca.com,54073000000.0,10003000000.0,7035000000.0,17121000000.0,43866000000.0,2024-12-31,104035000000.0,30114000000.0,,5488000000.0,25827000000.0,27866000000.0,0.9268283930237565
MBQGn,2025-03-21T10:53:51.939388,Germany,Europe,Mobotix AG,Unknown,EUR,investpy,,,,,,,,,,,,,,,,,,,,,,,,,,,,
PMAG,2025-03-21T10:53:52.372701,Austria,Europe,PIERER Mobility AG,Unknown,EUR,investpy,,,,,,,,,,,,,,,,,,,,,,,,,,,,
O2Dn,2025-03-21T10:53:52.388279,Austria,Europe,Telefonica Deutschland AG,Unknown,EUR,investpy,,,,,,,,,,,,,,,,,,,,,,,,,,,,
ALNOV,2025-03-21T10:53:53.062728,France,Europe,Novacyt,Unknown,EUR,investpy,,,,,,,,,,,,,,,,,,,,,,,,,,,,
1COV,2025-03-21T10:53:53.077949,Austria,Europe,Covestro,Unknown,EUR,investpy,,,,,,,,,,,,,,,,,,,,,,,,,,,,
AERWb,2025-03-21T10:53:53.124093,Sweden,Europe,Aerowash,Unknown,SEK,investpy,,,,,,,,,,,,,,,,,,,,,,,,,,,,
KRNG,2025-03-21T10:53:53.139253,Germany,Europe,Krones AG,Unknown,EUR,investpy,,,,,,,,,,,,,,,,,,,,,,,,,,,,
NEXII,2025-03-21T10:53:53.093650,Italy,Europe,Nexi,Unknown,EUR,investpy,,,,,,,,,,,,,,,,,,,,,,,,,,,,
ADSGnEUR,2025-03-21T10:53:53.169586,Switzerland,Europe,Adidas,Unknown,EUR,investpy,,,,,,,,,,,,,,,,,,,,,,,,,,,,
NEWN,2025-03-21T10:53:53.844910,Switzerland,Europe,New Value AG,Unknown,CHF,investpy,,,,,,,,,,,,,,,,,,,,,,,,,,,,
DEQGn,2025-03-21T10:53:53.844910,Austria,Europe,Deutsche Euroshop AG,Unknown,EUR,investpy,,,,,,,,,,,,,,,,,,,,,,,,,,,,
BIONn,2025-03-21T10:53:54.280956,Germany,Europe,BB Biotech,Unknown,EUR,investpy,,,,,,,,,,,,,,,,,,,,,,,,,,,,
ETGG,2025-03-21T10:53:54.328663,Germany,Europe,Envitec,Unknown,EUR,investpy,,,,,,,,,,,,,,,,,,,,,,,,,,,,
TELIA,2025-03-21T10:53:54.280956,Sweden,Europe,Telia Company,Unknown,SEK,investpy,,,,,,,,,,,,,,,,,,,,,,,,,,,,
AAGG,2025-03-21T10:53:54.359684,Germany,Europe,Aumann,Unknown,EUR,investpy,,,,,,,,,,,,,,,,,,,,,,,,,,,,
EDDS,2025-03-21T10:53:54.280956,France,Europe,Editions du Signe,Unknown,EUR,investpy,,,,,,,,,,,,,,,,,,,,,,,,,,,,
MULTINOK,2025-03-21T10:53:54.265949,Sweden,Europe,Multiconsult AS SE,Unknown,NOK,investpy,,,,,,,,,,,,,,,,,,,,,,,,,,,,
GENOb,2025-03-21T10:53:54.359684,Sweden,Europe,Genovis AB,Unknown,SEK,investpy,,,,,,,,,,,,,,,,,,,,,,,,,,,,
SPOE,2025-03-21T10:53:54.767228,France,Europe,Fonciere Volta,Unknown,EUR,investpy,,,,,,,,,,,,,,,,,,,,,,,,,,,,
JPS,2025-03-21T10:53:55.285190,United Kingdom,Europe,JPMorgan Japan Smaller,Unknown,GBP,investpy,,,,,,,,,,,,,,,,,,,,,,,,,,,,
G1AG,2025-03-21T10:53:55.285190,Austria,Europe,GEA Group AG,Unknown,EUR,investpy,,,,,,,,,,,,,,,,,,,,,,,,,,,,
MOED,2025-03-21T10:53:55.379548,Italy,Europe,Mondadori Editore,Unknown,EUR,investpy,,,,,,,,,,,,,,,,,,,,,,,,,,,,
PLCS,2025-03-21T10:53:55.347489,Norway,Europe,Polarcus,Unknown,NOK,investpy,,,,,,,,,,,,,,,,,,,,,,,,,,,,
ROMR,2025-03-21T10:53:55.300400,Norway,Europe,RomReal,Unknown,NOK,investpy,,,,,,,,,,,,,,,,,,,,,,,,,,,,
GABAT,2025-03-21T10:53:55.316431,Sweden,Europe,Gabather,Unknown,SEK,investpy,,,,,,,,,,,,,,,,,,,,,,,,,,,,
SOFb,2025-03-21T10:53:55.347489,Sweden,Europe,Softronic B,Unknown,SEK,investpy,,,,,,,,,,,,,,,,,,,,,,,,,,,,
TKWY,2025-03-21T10:53:55.847932,Netherlands,Europe,Takeaway Com,Unknown,EUR,investpy,,,,,,,,,,,,,,,,,,,,,,,,,,,,
ARSA,2025-03-21T10:53:56.240930,United Kingdom,Europe,Asiamet Resources,Unknown,GBP,investpy,,,,,,,,,,,,,,,,,,,,,,,,,,,,
WSUG,2025-03-21T10:53:56.271967,Germany,Europe,WashTec AG,Unknown,EUR,investpy,,,,,,,,,,,,,,,,,,,,,,,,,,,,
NUSTAY,2025-03-21T10:53:56.303378,Sweden,Europe,Nustay,Unknown,SEK,investpy,,,,,,,,,,,,,,,,,,,,,,,,,,,,
ALGEN,2025-03-21T10:53:56.240930,France,Europe,Genoway,Unknown,EUR,investpy,,,,,,,,,,,,,,,,,,,,,,,,,,,,
ALNEV,2025-03-21T10:53:56.350525,France,Europe,Neovacs,Unknown,EUR,investpy,,,,,,,,,,,,,,,,,,,,,,,,,,,,
EVKn,2025-03-21T10:53:56.240930,Germany,Europe,Evonik,Unknown,EUR,investpy,,,,,,,,,,,,,,,,,,,,,,,,,,,,
SNH,2025-03-21T10:53:56.271967,Germany,Europe,Senior Housing Properties,Unknown,EUR,investpy,,,,,,,,,,,,,,,,,,,,,,,,,,,,
MASM,2025-03-21T10:53:56.773262,Spain,Europe,Masmovil Ibercom,Unknown,EUR,investpy,,,,,,,,,,,,,,,,,,,,,,,,,,,,
REALFI,2025-03-21T10:53:57.166590,Sweden,Europe,Realfiction,Unknown,SEK,investpy,,,,,,,,,,,,,,,,,,,,,,,,,,,,
SNMP,2025-03-21T10:53:57.228907,Sweden,Europe,ShaMaran Petroleum,Unknown,SEK,investpy,,,,,,,,,,,,,,,,,,,,,,,,,,,,
KAHOOT-ME,2025-03-21T10:53:57.228907,Norway,Europe,Kahoot,Unknown,NOK,investpy,,,,,,,,,,,,,,,,,,,,,,,,,,,,
QCOMUSD,2025-03-21T10:53:57.197427,Switzerland,Europe,Qualcomm,Unknown,USD,investpy,,,,,,,,,,,,,,,,,,,,,,,,,,,,
COHE,2025-03-21T10:53:57.213432,France,Europe,Coheris,Unknown,EUR,investpy,,,,,,,,,,,,,,,,,,,,,,,,,,,,
AITN,2025-03-21T10:53:57.213432,Germany,Europe,Applied Industrial Technologies,Unknown,EUR,investpy,,,,,,,,,,,,,,,,,,,,,,,,,,,,
UMIDAb,2025-03-21T10:53:57.150549,Sweden,Europe,Umida B,Unknown,SEK,investpy,,,,,,,,,,,,,,,,,,,,,,,,,,,,
GELE,2025-03-21T10:53:57.899287,Italy,Europe,Gel,Unknown,EUR,investpy,,,,,,,,,,,,,,,,,,,,,,,,,,,,
NESN,2025-03-21T10:53:58.308895,Switzerland,Europe,Nestle,Unknown,CHF,investpy,,,,,,,,,,,,,,,,,,,,,,,,,,,,
XXLA,2025-03-21T10:53:58.293421,Norway,Europe,XXL ASA,Unknown,NOK,investpy,,,,,,,,,,,,,,,,,,,,,,,,,,,,
VRLA,2025-03-21T10:53:58.370990,France,Europe,Verallia Deutschland,Unknown,EUR,investpy,,,,,,,,,,,,,,,,,,,,,,,,,,,,
PUMU,2025-03-21T10:53:58.370990,Finland,Europe,PunaMusta Media,Unknown,EUR,investpy,,,,,,,,,,,,,,,,,,,,,,,,,,,,
SCOUT,2025-03-21T10:53:58.355922,Sweden,Europe,Scout Gaming,Unknown,SEK,investpy,,,,,,,,,,,,,,,,,,,,,,,,,,,,
BOUY,2025-03-21T10:53:58.293421,France,Europe,Bouygues,Unknown,EUR,investpy,,,,,,,,,,,,,,,,,,,,,,,,,,,,
ITWB,2025-03-21T10:53:58.370990,Italy,Europe,Italian Wine Brands SpA,Unknown,EUR,investpy,,,,,,,,,,,,,,,,,,,,,,,,,,,,
LPKG,2025-03-21T10:53:58.808385,Germany,Europe,LPKF,Unknown,EUR,investpy,,,,,,,,,,,,,,,,,,,,,,,,,,,,
VNAn,2025-03-21T10:53:59.276714,Italy,Europe,Vonovia,Unknown,EUR,investpy,,,,,,,,,,,,,,,,,,,,,,,,,,,,
TRMDa,2025-03-21T10:53:59.308744,Denmark,Europe,Torm A,Unknown,DKK,investpy,,,,,,,,,,,,,,,,,,,,,,,,,,,,
PHAL,2025-03-21T10:53:59.230261,Sweden,Europe,PharmaLundensis,Unknown,SEK,investpy,,,,,,,,,,,,,,,,,,,,,,,,,,,,
BALCO,2025-03-21T10:53:59.292745,Sweden,Europe,Balco Group,Unknown,SEK,investpy,,,,,,,,,,,,,,,,,,,,,,,,,,,,
NTAS,2025-03-21T10:53:59.292745,United Kingdom,Europe,NASCIT,Unknown,GBP,investpy,,,,,,,,,,,,,,,,,,,,,,,,,,,,
HEIG,2025-03-21T10:53:59.308744,Switzerland,Europe,Heidelbergcement,Unknown,CHF,investpy,,,,,,,,,,,,,,,,,,,,,,,,,,,,
FIIU,2025-03-21T10:53:59.230261,Germany,Europe,Federated Investors B,Unknown,EUR,investpy,,,,,,,,,,,,,,,,,,,,,,,,,,,,
EONGn,2025-03-21T10:53:59.901862,Germany,Europe,E.ON SE,Unknown,EUR,investpy,,,,,,,,,,,,,,,,,,,,,,,,,,,,
KOJAMO,2025-03-21T10:54:00.354406,Finland,Europe,Kojamo,Unknown,EUR,investpy,,,,,,,,,,,,,,,,,,,,,,,,,,,,
MLDYH,2025-03-21T10:54:00.309146,France,Europe,Design Your Home Holding AB,Unknown,EUR,investpy,,,,,,,,,,,,,,,,,,,,,,,,,,,,
SYS1,2025-03-21T10:54:00.324407,United Kingdom,Europe,System1 Group,Unknown,GBP,investpy,,,,,,,,,,,,,,,,,,,,,,,,,,,,
SIGF,2025-03-21T10:54:00.387189,France,Europe,CS Communication,Unknown,EUR,investpy,,,,,,,,,,,,,,,,,,,,,,,,,,,,
TRBG,2025-03-21T10:54:00.387189,United Kingdom,Europe,Tribal,Unknown,GBP,investpy,,,,,,,,,,,,,,,,,,,,,,,,,,,,
OBDUb,2025-03-21T10:54:00.324407,Sweden,Europe,Obducat AB,Unknown,SEK,investpy,,,,,,,,,,,,,,,,,,,,,,,,,,,,
ONTEX,2025-03-21T10:54:00.324407,Belgium,Europe,Ontex Group,Unknown,EUR,investpy,,,,,,,,,,,,,,,,,,,,,,,,,,,,
BRGDNOK,2025-03-21T10:54:00.747498,Sweden,Europe,Borregaard,Unknown,NOK,investpy,,,,,,,,,,,,,,,,,,,,,,,,,,,,
RHMG,2025-03-21T10:54:01.218323,Switzerland,Europe,Rheinmetall AG,Unknown,CHF,investpy,,,,,,,,,,,,,,,,,,,,,,,,,,,,
ARC,2025-03-21T10:54:01.248596,United Kingdom,Europe,Arcontech,Unknown,GBP,investpy,,,,,,,,,,,,,,,,,,,,,,,,,,,,
BDRILL,2025-03-21T10:54:01.186987,Norway,Europe,Borr Drilling,Unknown,NOK,investpy,,,,,,,,,,,,,,,,,,,,,,,,,,,,
ICTA,2025-03-21T10:54:01.294896,Netherlands,Europe,ICT Group,Unknown,EUR,investpy,,,,,,,,,,,,,,,,,,,,,,,,,,,,
CEC1_p,2025-03-21T10:54:01.264663,Germany,Europe,Metro,Unknown,EUR,investpy,,,,,,,,,,,,,,,,,,,,,,,,,,,,
FASTAT,2025-03-21T10:54:01.218323,Sweden,Europe,Fastator,Unknown,SEK,investpy,,,,,,,,,,,,,,,,,,,,,,,,,,,,
ALU10,2025-03-21T10:54:01.264663,France,Europe,U10,Unknown,EUR,investpy,,,,,,,,,,,,,,,,,,,,,,,,,,,,
RIM,2025-03-21T10:54:01.735181,Germany,Europe,BlackBerry,YHD,EUR,"investpy, Yahoo Finance",Unknown,Unknown,,,,,,,,,,,,,,,,,,,,,,,,,,
MERL,2025-03-21T10:54:02.141972,United Kingdom,Europe,Merlin Entertainments PLC,Unknown,GBP,investpy,,,,,,,,,,,,,,,,,,,,,,,,,,,,
RQIH,2025-03-21T10:54:02.220865,United Kingdom,Europe,Randall&Quilter,Unknown,GBP,investpy,,,,,,,,,,,,,,,,,,,,,,,,,,,,
VPBN,2025-03-21T10:54:02.266524,Switzerland,Europe,VP Bank AG,Unknown,CHF,investpy,,,,,,,,,,,,,,,,,,,,,,,,,,,,
DFTKn,2025-03-21T10:54:02.220865,Germany,Europe,DF Deutsche Forfait AG,Unknown,EUR,investpy,,,,,,,,,,,,,,,,,,,,,,,,,,,,
MLGES,2025-03-21T10:54:02.220865,France,Europe,Green Energy 4 Seasons,Unknown,EUR,investpy,,,,,,,,,,,,,,,,,,,,,,,,,,,,
NICKE,2025-03-21T10:54:02.189484,Sweden,Europe,Nickel Mountain,Unknown,EUR,investpy,,,,,,,,,,,,,,,,,,,,,,,,,,,,
C21,2025-03-21T10:54:02.205485,United Kingdom,Europe,21St Century,Unknown,GBP,investpy,,,,,,,,,,,,,,,,,,,,,,,,,,,,
2U3,2025-03-21T10:54:02.567910,Germany,Europe,Alcon,Unknown,EUR,investpy,,,,,,,,,,,,,,,,,,,,,,,,,,,,
MLCIO,2025-03-21T10:54:03.259764,France,Europe,Cioa,Unknown,EUR,investpy,,,,,,,,,,,,,,,,,,,,,,,,,,,,
VILr,2025-03-21T10:54:03.717241,Greece,Europe,Unibios,Unknown,EUR,investpy,,,,,,,,,,,,,,,,,,,,,,,,,,,,
GRBT,2025-03-21T10:54:03.765243,France,Europe,Guerbet,Unknown,EUR,investpy,,,,,,,,,,,,,,,,,,,,,,,,,,,,
NASNOK,2025-03-21T10:54:03.701179,Sweden,Europe,Norwegian Air Shuttle,Unknown,NOK,investpy,,,,,,,,,,,,,,,,,,,,,,,,,,,,
BORDb,2025-03-21T10:54:03.653666,Denmark,Europe,F.E. Bording B,Unknown,DKK,investpy,,,,,,,,,,,,,,,,,,,,,,,,,,,,
G1V,2025-03-21T10:54:03.701179,Germany,Europe,MC Mining,Unknown,EUR,investpy,,,,,,,,,,,,,,,,,,,,,,,,,,,,
INHG,2025-03-21T10:54:03.637608,Austria,Europe,Indus AG,Unknown,EUR,investpy,,,,,,,,,,,,,,,,,,,,,,,,,,,,
ULVR,2025-03-21T10:54:03.701179,United Kingdom,Europe,Unilever,Unknown,GBP,investpy,,,,,,,,,,,,,,,,,,,,,,,,,,,,
RPS,2025-03-21T10:54:04.189194,United Kingdom,Europe,Purpose Canadian Preferred Share ETF,NMS,GBP,"investpy, Yahoo Finance",Unknown,Unknown,,,,,,,,,,,,,,,,,,,,,,,,,,
TERR,2025-03-21T10:54:04.530997,France,Europe,Terreis,Unknown,EUR,investpy,,,,,,,,,,,,,,,,,,,,,,,,,,,,
LAMMb,2025-03-21T10:54:04.702280,Sweden,Europe,Lammhults Design B,Unknown,SEK,investpy,,,,,,,,,,,,,,,,,,,,,,,,,,,,
BC8G,2025-03-21T10:54:04.593431,Germany,Europe,Bechtle AG,Unknown,EUR,investpy,,,,,,,,,,,,,,,,,,,,,,,,,,,,
TEONE,2025-03-21T10:54:04.624475,Sweden,Europe,TargetEveryOne,Unknown,SEK,investpy,,,,,,,,,,,,,,,,,,,,,,,,,,,,
HANB,2025-03-21T10:54:04.624475,Germany,Europe,Hanesbrands,Unknown,EUR,investpy,,,,,,,,,,,,,,,,,,,,,,,,,,,,
ALMDG,2025-03-21T10:54:04.763212,France,Europe,MGI Digital,Unknown,EUR,investpy,,,,,,,,,,,,,,,,,,,,,,,,,,,,
TAGMb,2025-03-21T10:54:04.921417,Sweden,Europe,TagMaster AB,Unknown,SEK,investpy,,,,,,,,,,,,,,,,,,,,,,,,,,,,
BGSC,2025-03-21T10:54:04.640475,United Kingdom,Europe,Bmo Global Smaller,NCM,GBP,"investpy, Yahoo Finance",Unknown,Unknown,,,,,,,,,,,,,,,,,,,,,,,,,,
TRV,2025-03-21T10:54:05.296914,Austria,Europe,"The Travelers Companies, Inc.",NYQ,USD,"investpy, Yahoo Finance",Insurance - Property & Casualty,Financial Services,58844729344.0,46422999040.0,0.10767999,0.22418,0.18941,0.0317,12.213648,12.09413,1.267577,2.1106648,61687615488.0,34000.0,https://www.travelers.com,46428000000.0,,4999000000.0,,,2024-12-31,133189000000.0,8033000000.0,,699000000.0,,,
AVV,2025-03-21T10:54:05.718203,United Kingdom,Europe,Aveva,Unknown,GBP,investpy,,,,,,,,,,,,,,,,,,,,,,,,,,,,
RATOa,2025-03-21T10:54:05.733257,Sweden,Europe,Ratos A,Unknown,SEK,investpy,,,,,,,,,,,,,,,,,,,,,,,,,,,,
NBLS,2025-03-21T10:54:05.749257,United Kingdom,Europe,NB Global Floating Rate,Unknown,GBP,investpy,,,,,,,,,,,,,,,,,,,,,,,,,,,,
BIOTEC,2025-03-21T10:54:05.765253,Norway,Europe,Biotec Pharmacon,Unknown,NOK,investpy,,,,,,,,,,,,,,,,,,,,,,,,,,,,
6762,2025-03-21T10:54:06.003050,Germany,Europe,TDK,Unknown,EUR,investpy,,,,,,,,,,,,,,,,,,,,,,,,,,,,
FOODr,2025-03-21T10:54:06.160816,Greece,Europe,Foodlink SA,Unknown,EUR,investpy,,,,,,,,,,,,,,,,,,,,,,,,,,,,
ESUN,2025-03-21T10:54:06.563313,Switzerland,Europe,Edisun Power Europe AG,Unknown,CHF,investpy,,,,,,,,,,,,,,,,,,,,,,,,,,,,
PSRA,2025-03-21T10:54:06.490218,Germany,Europe,CoreCivic,Unknown,EUR,investpy,,,,,,,,,,,,,,,,,,,,,,,,,,,,
INSPL,2025-03-21T10:54:06.444437,Sweden,Europe,Insplorion,Unknown,SEK,investpy,,,,,,,,,,,,,,,,,,,,,,,,,,,,
EMG,2025-03-21T10:54:05.749257,United Kingdom,Europe,"Emergent Capital, Inc.",YHD,USD,"investpy, Yahoo Finance",Unknown,Unknown,8481660.0,,,,,,-0.5,,,0.0427777,,,,,,,,,,,,,,,,
BON,2025-03-21T10:54:05.733257,Norway,Europe,Bon Natural Life Limited,NCM,USD,"investpy, Yahoo Finance",Specialty Chemicals,Basic Materials,1084345.0,23844556.0,0.0167,0.07857,0.00908,0.02162,0.44827586,1.5294117,0.04547558,0.02351239,8991821.0,97.0,https://www.bnlus.com,23844556.0,1936984.0,398172.0,2296726.0,7110009.0,2024-09-30,61765432.0,7300223.0,,80466.0,39793857.0,16445832.0,2.419692539726783
CIAZ,2025-03-21T10:54:06.975776,Italy,Europe,CIA,Unknown,EUR,investpy,,,,,,,,,,,,,,,,,,,,,,,,,,,,
FRAG,2025-03-21T10:54:06.913917,Austria,Europe,Fraport AG,Unknown,EUR,investpy,,,,,,,,,,,,,,,,,,,,,,,,,,,,
EASYb,2025-03-21T10:54:06.945319,Sweden,Europe,EasyFill,Unknown,SEK,investpy,,,,,,,,,,,,,,,,,,,,,,,,,,,,
AEL,2025-03-21T10:54:07.352498,Germany,Europe,American Equity Inv. Life,Unknown,EUR,investpy,,,,,,,,,,,,,,,,,,,,,,,,,,,,
BAIN,2025-03-21T10:54:07.400020,France,Europe,Bains Mer Monaco,Unknown,EUR,investpy,,,,,,,,,,,,,,,,,,,,,,,,,,,,
FEVG,2025-03-21T10:54:07.416020,Germany,Europe,Fortec,Unknown,EUR,investpy,,,,,,,,,,,,,,,,,,,,,,,,,,,,
SEZI,2025-03-21T10:54:07.352498,Sweden,Europe,Senzime,Unknown,SEK,investpy,,,,,,,,,,,,,,,,,,,,,,,,,,,,
PSMGn,2025-03-21T10:54:07.777325,Italy,Europe,Prosiebensat,Unknown,EUR,investpy,,,,,,,,,,,,,,,,,,,,,,,,,,,,
SUNU,2025-03-21T10:54:07.508532,United Kingdom,Europe,Surgical Innovations,Unknown,GBP,investpy,,,,,,,,,,,,,,,,,,,,,,,,,,,,
EDHN,2025-03-21T10:54:07.807378,Switzerland,Europe,Energiedienst Holding AG,Unknown,CHF,investpy,,,,,,,,,,,,,,,,,,,,,,,,,,,,
CLAB,2025-03-21T10:54:08.512841,Italy,Europe,Clabo SPA,Unknown,EUR,investpy,,,,,,,,,,,,,,,,,,,,,,,,,,,,
GETIb,2025-03-21T10:54:08.496810,Sweden,Europe,Getinge B,Unknown,SEK,investpy,,,,,,,,,,,,,,,,,,,,,,,,,,,,
BIOBV,2025-03-21T10:54:08.433357,Finland,Europe,Biohit Oyj B,Unknown,EUR,investpy,,,,,,,,,,,,,,,,,,,,,,,,,,,,
KRTr,2025-03-21T10:54:08.873192,Greece,Europe,Karatzi,Unknown,EUR,investpy,,,,,,,,,,,,,,,,,,,,,,,,,,,,
MLFIR,2025-03-21T10:54:08.841194,France,Europe,Firstcaution,Unknown,EUR,investpy,,,,,,,,,,,,,,,,,,,,,,,,,,,,
SBOO,2025-03-21T10:54:09.339028,Norway,Europe,Selvaag Bolig,Unknown,NOK,investpy,,,,,,,,,,,,,,,,,,,,,,,,,,,,
SCAM,2025-03-21T10:54:09.400972,United Kingdom,Europe,Scottish American,Unknown,GBP,investpy,,,,,,,,,,,,,,,,,,,,,,,,,,,,
NZX,2025-03-21T10:54:08.496810,United Kingdom,Europe,3237,YHD,GBP,"investpy, Yahoo Finance",Unknown,Unknown,,,,,,,,,,,,,,,,,,,,,,,,,,
SCHK,2025-03-21T10:54:07.853207,Belgium,Europe,Schwab 1000 Index ETF,PCX,USD,"investpy, Yahoo Finance",Unknown,Unknown,,,,,,,,24.524181,,,,,,,,,,,,,,,,,,
ECPG,2025-03-21T10:54:08.857191,Germany,Europe,Encore Capital Group Inc,NMS,USD,"investpy, Yahoo Finance",Credit Services,Financial Services,817586752.0,1316360960.0,-0.10578,-0.056649998,-0.16344,0.03669,4.626005,,0.6210962,1.0654851,4378591232.0,7350.0,https://www.encorecapital.com,1316361000.0,276474000.0,-139244000.0,188764000.0,603557000.0,2024-12-31,4789729000.0,3672762000.0,,199865000.0,245867000.0,233545000.0,1.052760709927423
GREAT,2025-03-21T10:54:09.795528,Sweden,Europe,Greater Than,Unknown,SEK,investpy,,,,,,,,,,,,,,,,,,,,,,,,,,,,
ALPCI,2025-03-21T10:54:10.410842,France,Europe,Primecity Investment,Unknown,EUR,investpy,,,,,,,,,,,,,,,,,,,,,,,,,,,,
POLME,2025-03-21T10:54:10.426894,Norway,Europe,Polaris Media,Unknown,NOK,investpy,,,,,,,,,,,,,,,,,,,,,,,,,,,,
54M,2025-03-21T10:54:10.396843,Germany,Europe,Motorcar Parts,Unknown,EUR,investpy,,,,,,,,,,,,,,,,,,,,,,,,,,,,
SPIS,2025-03-21T10:54:10.442894,France,Europe,Spir Communication,Unknown,EUR,investpy,,,,,,,,,,,,,,,,,,,,,,,,,,,,
ALVAL,2025-03-21T10:54:10.491000,France,Europe,Valbiotis,Unknown,EUR,investpy,,,,,,,,,,,,,,,,,,,,,,,,,,,,
BLKB,2025-03-21T10:54:09.261760,Switzerland,Europe,"Blackbaud, Inc.",NMS,USD,"investpy, Yahoo Finance",Software - Application,Technology,3147689472.0,1155495040.0,-0.24507,0.20823999,-0.59571,0.041690003,13.6895075,,2.7241046,21.80423,4141660672.0,2600.0,https://www.blackbaud.com,1155495000.0,134854000.0,-283172000.0,-134292000.0,639203000.0,2024-12-31,2495715000.0,1109171000.0,,67628000.0,976308000.0,1252097000.0,0.7797383110094506
APGNA,2025-03-21T10:54:11.435783,Ireland,Europe,Applegreen Plc,Unknown,EUR,investpy,,,,,,,,,,,,,,,,,,,,,,,,,,,,
ALGIL,2025-03-21T10:54:11.529627,France,Europe,Groupe Guillin,Unknown,EUR,investpy,,,,,,,,,,,,,,,,,,,,,,,,,,,,
ADKO,2025-03-21T10:54:11.498392,Austria,Europe,Addiko Bank,Unknown,EUR,investpy,,,,,,,,,,,,,,,,,,,,,,,,,,,,
EBAY,2025-03-21T10:54:09.811579,Austria,Europe,eBay Inc.,NMS,USD,"investpy, Yahoo Finance",Internet Retail,Consumer Cyclical,30914439168.0,10282999808.0,0.19206,0.18573,0.34291,0.06874,12.708812,16.794935,3.0063639,6.0578938,32880439296.0,11500.0,https://www.ebayinc.com,10283000000.0,2318000000.0,1975000000.0,2861000000.0,7403000000.0,2024-12-31,19365000000.0,7863000000.0,,2433000000.0,7567000000.0,6098000000.0,1.2408986552968186
SW,2025-03-21T10:54:10.759386,Ireland,Europe,Smurfit WestRock plc,NYQ,USD,"investpy, Yahoo Finance",Packaging & Containers,Consumer Cyclical,23859521536.0,21109000192.0,0.01511,0.029979998,0.02708,0.0298,12.66205,55.7439,1.1303009,1.3650073,37551845376.0,100000.0,https://www.smurfitwestrock.com,21109000000.0,1402000000.0,319000000.0,2549000000.0,4195000000.0,2024-12-31,43759000000.0,13595000000.0,,855000000.0,10055000000.0,7333000000.0,1.3711986908495841
AVA,2025-03-21T10:54:12.011997,Germany,Europe,Avista Corporation,NYQ,USD,"investpy, Yahoo Finance",Utilities - Diversified,Utilities,3205052160.0,1938000000.0,0.09288,0.18631001,0.07092,0.02461,15.503877,17.467249,1.6537937,1.2356356,6323050496.0,,https://investor.avistacorp.com,1938000000.0,306000000.0,180000000.0,602000000.0,1140000000.0,2024-12-31,7941000000.0,3117000000.0,,30000000.0,656000000.0,771000000.0,0.8508430609597925
GLDP,2025-03-21T10:54:12.461573,United Kingdom,Europe,Goldplat,Unknown,GBP,investpy,,,,,,,,,,,,,,,,,,,,,,,,,,,,
AALLON,2025-03-21T10:54:12.463571,Finland,Europe,Aallon,Unknown,EUR,investpy,,,,,,,,,,,,,,,,,,,,,,,,,,,,
GLA1V,2025-03-21T10:54:12.439573,Finland,Europe,Glaston,Unknown,EUR,investpy,,,,,,,,,,,,,,,,,,,,,,,,,,,,
SPT,2025-03-21T10:54:11.559886,United Kingdom,Europe,"Sprout Social, Inc",NCM,USD,"investpy, Yahoo Finance",Software - Application,Technology,1449165824.0,405908000.0,-0.15267,-0.09951,-0.39880002,-0.08688,35.338028,,3.570183,7.7533994,1402273408.0,1322.0,https://www.sproutsocial.com,405908000.0,-60356000.0,-61971000.0,-45908000.0,314433000.0,2024-12-31,428341000.0,43290000.0,,86437000.0,210215000.0,220752000.0,0.9522677031238675
ALVG,2025-03-21T10:54:12.954218,Switzerland,Europe,Allianz,Unknown,CHF,investpy,,,,,,,,,,,,,,,,,,,,,,,,,,,,
TNET,2025-03-21T10:54:12.104231,Belgium,Europe,"TriNet Group, Inc.",NYQ,USD,"investpy, Yahoo Finance",Staffing & Employment Services,Industrials,3905746688.0,4989000192.0,0.034679998,-0.010299999,2.35374,0.03968,14.6037035,22.991253,0.7828716,56.61163,4567742464.0,364300.0,https://www.trinet.com,5053000000.0,288000000.0,173000000.0,374000000.0,952000000.0,2024-12-31,4119000000.0,1022000000.0,,360000000.0,3180000000.0,2981000000.0,1.0667561221066757
CELGUSD,2025-03-21T10:54:13.476906,Switzerland,Europe,Celgene,Unknown,USD,investpy,,,,,,,,,,,,,,,,,,,,,,,,,,,,
MEDCL,2025-03-21T10:54:13.619277,France,Europe,Medincell,Unknown,EUR,investpy,,,,,,,,,,,,,,,,,,,,,,,,,,,,
BRGE,2025-03-21T10:54:12.478991,United Kingdom,Europe,Blackrock Europe,YHD,GBP,"investpy, Yahoo Finance",Unknown,Unknown,,,,,,,,,,,,,,,,,,,,,,,,,,
SBBd,2025-03-21T10:54:14.106581,Sweden,Europe,Samhallsbyggnadsbolaget I D,Unknown,SEK,investpy,,,,,,,,,,,,,,,,,,,,,,,,,,,,
AMDG,2025-03-21T10:54:12.780114,Austria,Europe,Leverage Shares 2X Long AMD Dai,NGM,USD,"investpy, Yahoo Finance",Unknown,Unknown,,,,,,,,,,,,,,,,,,,,,,,,,,
VBSN,2025-03-21T10:54:14.471433,Switzerland,Europe,IVF Hartmann Holding AG,Unknown,CHF,investpy,,,,,,,,,,,,,,,,,,,,,,,,,,,,
VONN,2025-03-21T10:54:14.455432,Switzerland,Europe,Vontobel Holding,Unknown,CHF,investpy,,,,,,,,,,,,,,,,,,,,,,,,,,,,
FBD,2025-03-21T10:54:13.556068,Ireland,Europe,Fbd Holdings,NMS,EUR,"investpy, Yahoo Finance",Unknown,Unknown,,,,,,,,,,,,,,,,,,,,,,,,,,
LNT,2025-03-21T10:54:13.476906,Germany,Europe,Alliant Energy Corporation,NMS,USD,"investpy, Yahoo Finance",Utilities - Regulated Electric,Utilities,16312776704.0,3980999936.0,0.17332001,-0.3125,0.10014,0.02645,19.674923,23.624535,4.097658,2.3290331,26848800768.0,2998.0,https://www.alliantenergy.com,3981000000.0,886000000.0,690000000.0,1797000000.0,1780000000.0,2024-12-31,22714000000.0,10406000000.0,,81000000.0,1184000000.0,2715000000.0,0.43609576427255986
DPWGnEUR,2025-03-21T10:54:14.992189,Switzerland,Europe,Deutsche Post,Unknown,EUR,investpy,,,,,,,,,,,,,,,,,,,,,,,,,,,,
N55,2025-03-21T10:54:15.007781,Sweden,Europe,News55,Unknown,SEK,investpy,,,,,,,,,,,,,,,,,,,,,,,,,,,,
SNT,2025-03-21T10:54:13.996858,United Kingdom,Europe,Senstar Technologies Corporatio,NGM,USD,"investpy, Yahoo Finance",Security & Protection Services,Industrials,80885704.0,34455000.0,0.042519998,0.18802,0.03957,0.03383,,69.4,2.3475752,2.138016,62023656.0,136.0,https://senstar.com,32792000.0,-1265000.0,-1289000.0,-255000.0,18848000.0,2023-12-31,50266000.0,877000.0,,14806000.0,34339000.0,10064000.0,3.41206279809221
ALPJT,2025-03-21T10:54:15.545824,France,Europe,Poujoulat,Unknown,EUR,investpy,,,,,,,,,,,,,,,,,,,,,,,,,,,,
MMO1V,2025-03-21T10:54:15.498771,Finland,Europe,Marimekko Oyj,Unknown,EUR,investpy,,,,,,,,,,,,,,,,,,,,,,,,,,,,
ABGV,2025-03-21T10:54:15.545824,Austria,Europe,Porr AG,Unknown,EUR,investpy,,,,,,,,,,,,,,,,,,,,,,,,,,,,
MWG,2025-03-21T10:54:14.566114,United Kingdom,Europe,Multi Ways Holdings Limited,ASE,USD,"investpy, Yahoo Finance",Rental & Leasing Services,Industrials,9639036.0,35736000.0,0.185,0.03832,0.34370998,0.020399999,,1.2573913,0.26972902,0.4113798,33005928.0,92.0,https://www.multiways.com.sg,36016000.0,-3056000.0,1789000.0,4564000.0,8650000.0,2023-12-31,58001000.0,12766000.0,,7073000.0,52381000.0,31478000.0,1.6640510832962705
VNVsdb,2025-03-21T10:54:16.020457,Sweden,Europe,Vostok New Ventures,Unknown,SEK,investpy,,,,,,,,,,,,,,,,,,,,,,,,,,,,
CLASb,2025-03-21T10:54:15.626834,Sweden,Europe,Clas Ohlson B,Unknown,SEK,investpy,,,,,,,,,,,,,,,,,,,,,,,,,,,,
ALKKO,2025-03-21T10:54:15.972887,France,Europe,Kko Intl,Unknown,EUR,investpy,,,,,,,,,,,,,,,,,,,,,,,,,,,,
VBGb,2025-03-21T10:54:16.381966,Sweden,Europe,VBG GROUP B,Unknown,SEK,investpy,,,,,,,,,,,,,,,,,,,,,,,,,,,,
CMOTECb,2025-03-21T10:54:16.365953,Sweden,Europe,Scandinavian ChemoTech,Unknown,SEK,investpy,,,,,,,,,,,,,,,,,,,,,,,,,,,,
DEDAL,2025-03-21T10:54:16.522908,France,Europe,Medasys,Unknown,EUR,investpy,,,,,,,,,,,,,,,,,,,,,,,,,,,,
QEC,2025-03-21T10:54:16.381966,Norway,Europe,Questerre Energy Corporation,Unknown,NOK,investpy,,,,,,,,,,,,,,,,,,,,,,,,,,,,
DBA,2025-03-21T10:54:15.925887,Italy,Europe,Invesco DB Agriculture Fund,PCX,USD,"investpy, Yahoo Finance",Unknown,Unknown,742440000.0,,,,,,,11.359797,,1.5908687,,,,,,,,,,,,,,,,
